Workbook

Sheet Auditoria
A1: Sequência Checklist | B1: Tipo de Checklist | C1: Grupo | D1: Peso Grupo | E1: Subgrupo | F1: Peso Subgrupo | G1: Checklist | H1: Permite Foto | I1: Peso | J1: Valor Minimo | K1: Valor Máximo | L1: Unidade Medida | M1: Departamento Responsável
A2: 1 | B2: SIM / NÃO / N.A. | C2: LAUDOS & SEGURANÇA | D2: =VLOOKUP(C2,'PESO GRUPO'!A$1:B$9,2,FALSE) -> 30 | E2: AVCB | F2: =VLOOKUP(E2,'PESOS SUBGRUPOS'!B$2:C$193,2,FALSE) -> 100 | G2: POSSUI AVCB VIGENTE? | H2: SIM | I2: 80 | M2: Manutenção
A3: 2 | B3: TEXTO | C3: LAUDOS & SEGURANÇA | D3: =VLOOKUP(C3,'PESO GRUPO'!A$1:B$9,2,FALSE) -> 30 | E3: AVCB | F3: =VLOOKUP(E3,'PESOS SUBGRUPOS'!B$2:C$193,2,FALSE) -> 100 | G3: NUMERO / REGISTRO | H3: SIM | I3: 0 | M3: Manutenção
A4: 3 | B4: SIM / NÃO / N.A. | C4: LAUDOS & SEGURANÇA | D4: =VLOOKUP(C4,'PESO GRUPO'!A$1:B$9,2,FALSE) -> 30 | E4: AVCB | F4: =VLOOKUP(E4,'PESOS SUBGRUPOS'!B$2:C$193,2,FALSE) -> 100 | G4: POSSUI PROJETOS APROVADOS: | H4: SIM | I4: 40 | M4: Manutenção
A5: 4 | B5: TEXTO | C5: LAUDOS & SEGURANÇA | D5: =VLOOKUP(C5,'PESO GRUPO'!A$1:B$9,2,FALSE) -> 30 | E5: AVCB | F5: =VLOOKUP(E5,'PESOS SUBGRUPOS'!B$2:C$193,2,FALSE) -> 100 | G5: METRAGEM APROVADA? | H5: SIM | I5: 0 | M5: Manutenção
A6: 5 | B6: TEXTO | C6: LAUDOS & SEGURANÇA | D6: =VLOOKUP(C6,'PESO GRUPO'!A$1:B$9,2,FALSE) -> 30 | E6: AVCB | F6: =VLOOKUP(E6,'PESOS SUBGRUPOS'!B$2:C$193,2,FALSE) -> 100 | G6: VALIDADE? | H6: SIM | I6: 0 | M6: Manutenção
A7: 6 | B7: SIM / NÃO / N.A. | C7: LAUDOS & SEGURANÇA | D7: =VLOOKUP(C7,'PESO GRUPO'!A$1:B$9,2,FALSE) -> 30 | E7: NR 13 - VASOS DE PRESSÃO | F7: =VLOOKUP(E7,'PESOS SUBGRUPOS'!B$2:C$193,2,FALSE) -> 100 | G7: NR13 - LAUDOS, ART E LIVROS EM CONFORMIDADE? | H7: SIM | I7: 80 | M7: Manutenção
A8: 7 | B8: SIM / NÃO / N.A. | C8: LAUDOS & SEGURANÇA | D8: =VLOOKUP(C8,'PESO GRUPO'!A$1:B$9,2,FALSE) -> 30 | E8: GAS - ESTANQUEIDADE REDE DISTRIBUIÇÃO E EQUIPAMENTOS | F8: =VLOOKUP(E8,'PESOS SUBGRUPOS'!B$2:C$193,2,FALSE) -> 100 | G8: Laudo e com ART do TESTE DE ESTANQUEIDADE EM DIA? | H8: SIM | I8: 80 | M8: Manutenção
A9: 8 | B9: SIM / NÃO / N.A. | C9: LAUDOS & SEGURANÇA | D9: =VLOOKUP(C9,'PESO GRUPO'!A$1:B$9,2,FALSE) -> 30 | E9: SISTEMA DE COMBATE À INCÊNDIO - REDE HIDRANTES | F9: =VLOOKUP(E9,'PESOS SUBGRUPOS'!B$2:C$193,2,FALSE) -> 100 | G9: Laudo e ART do TESTE ANUAL DO SISTEMA - REDE HIDRANTES ? | H9: SIM | I9: 80 | M9: Manutenção
A10: 9 | B10: SIM / NÃO / N.A. | C10: LAUDOS & SEGURANÇA | D10: =VLOOKUP(C10,'PESO GRUPO'!A$1:B$9,2,FALSE) -> 30 | E10: SISTEMA DE COMBATE À INCÊNDIO - REDE HIDRANTES | F10: =VLOOKUP(E10,'PESOS SUBGRUPOS'!B$2:C$193,2,FALSE) -> 100 | G10: Teste do Sistema de Hidrantes - Simular sistema durante a Auditoria | H10: SIM | I10: 60 | M10: Manutenção
A11: 10 | B11: SIM / NÃO / N.A. | C11: LAUDOS & SEGURANÇA | D11: =VLOOKUP(C11,'PESO GRUPO'!A$1:B$9,2,FALSE) -> 30 | E11: SISTEMA DE COMBATE À INCÊNDIO - REDE HIDRANTES | F11: =VLOOKUP(E11,'PESOS SUBGRUPOS'!B$2:C$193,2,FALSE) -> 100 | G11: BOMBA JOCKEY OPERANDO? | H11: SIM | I11: 0 | M11: Manutenção
A12: 11 | B12: SIM / NÃO / N.A. | C12: LAUDOS & SEGURANÇA | D12: =VLOOKUP(C12,'PESO GRUPO'!A$1:B$9,2,FALSE) -> 30 | E12: SISTEMA DE COMBATE À INCÊNDIO - REDE HIDRANTES | F12: =VLOOKUP(E12,'PESOS SUBGRUPOS'!B$2:C$193,2,FALSE) -> 100 | G12: BOMBA PRINCIPAL 1 OPERANDO? | H12: SIM | I12: 0 | M12: Manutenção
A13: 12 | B13: SIM / NÃO / N.A. | C13: LAUDOS & SEGURANÇA | D13: =VLOOKUP(C13,'PESO GRUPO'!A$1:B$9,2,FALSE) -> 30 | E13: SISTEMA DE COMBATE À INCÊNDIO - REDE HIDRANTES | F13: =VLOOKUP(E13,'PESOS SUBGRUPOS'!B$2:C$193,2,FALSE) -> 100 | G13: BOMBA PRINCIPAL 2 OPERANDO? | H13: SIM | I13: 0 | M13: Manutenção
... A905: 1036 | B905: SIM / NÃO / N.A. | C905: UH EM DIA | D905: =VLOOKUP(C905,'PESO GRUPO'!A$1:B$9,2,FALSE) -> 20 | E905: APARTAMENTO 20 | F905: =VLOOKUP(E905,'PESOS SUBGRUPOS'!B$2:C$193,2,FALSE) -> 10 | G905: BANHEIRO - ACESSORIOS | H905: SIM | I905: 10 | M905: Manutenção

Sheet PESOS SUBGRUPOS
A1: Grupo | B1: Subgrupo | C1: Peso Sub Grupo
A2: LAUDOS & SEGURANÇA | B2: AVCB | C2: 100
A3: LAUDOS & SEGURANÇA | B3: NR 13 - VASOS DE PRESSÃO | C3: 100
A4: LAUDOS & SEGURANÇA | B4: GAS - ESTANQUEIDADE REDE DISTRIBUIÇÃO E EQUIPAMENTOS | C4: 100
A5: LAUDOS & SEGURANÇA | B5: SISTEMA DE COMBATE À INCÊNDIO - REDE HIDRANTES | C5: 100
A6: LAUDOS & SEGURANÇA | B6: SISTEMA DE COMBATE À INCÊNDIO - SPRINKLERS | C6: 100
A7: LAUDOS & SEGURANÇA | B7: SISTEMA DE COMBATE À INCÊNDIO - QUADRO ELÉTRICO - BOMBAS DE INCÊNDIO | C7: 100
A8: LAUDOS & SEGURANÇA | B8: RECALQUE DE RUA | C8: 60
A9: LAUDOS & SEGURANÇA | B9: TUBULAÇÕES DE INCÊNDIO | C9: 60
A10: LAUDOS & SEGURANÇA | B10: CENTRAL DE ALARME DE INCÊNDIO | C10: 100
A11: LAUDOS & SEGURANÇA | B11: EXTINTORES DE INCÊNDIO | C11: 60
A12: LAUDOS & SEGURANÇA | B12: TREINAMENTO BRIGADA INCENDIO | C12: 80
A13: LAUDOS & SEGURANÇA | B13: SISTEMA DE COMBATE À INCÊNDIO - MANGUEIRAS DE INCÊNDIO | C13: 60
... A132: EDIFICAÇÃO & OPERAÇÃO | B132: AREA GOURMET | C132: 80

Sheet PESO GRUPO
A1: Grupo | B1: Peso Sub Grupo
A2: LAUDOS & SEGURANÇA | B2: 30
A3: SISTEMAS & MÁQUINAS | B3: 20
A4: EDIFICAÇÃO & OPERAÇÃO | B4: 30
A5: UH EM DIA | B5: 20
